Ref,Val,Package,PosX,PosY,Rot,Side
U_BARO,BARO_I2C,HandDrawn_Inline:<desenhado_a_mao:U_BARO>,62000,20100,0,top
CIMU,C,Capacitor_SMD:C_0402_1005Metric,26000,14100,0,top
U_IMU,LGA-14,Package_LGA:LGA-14_3x2.5mm_P0.5mm_LayoutBorder3x4y,20000,14100,90,top
D3,D,Diode_SMD:D_SMB,56000,132100,0,top
D2,D,Diode_SMD:D_SMB,56000,140100,0,top
RCC2,R,Resistor_SMD:R_0603_1608Metric,48000,137100,0,top
RCC1,R,Resistor_SMD:R_0603_1608Metric,48000,140100,0,top
U_ESD,SOT-23-6,Package_TO_SOT_SMD:SOT-23-6,24000,140100,0,top
J2,USB,Connector_USB:USB_C_Receptacle_GCT_USB4085,36000,136100,180,top
H4,MountingHole,MountingHole:MountingHole_3.2mm_M3,226000,-5900,0,top
H3,MountingHole,MountingHole:MountingHole_3.2mm_M3,14000,-5900,0,top
H2,MountingHole,MountingHole:MountingHole_3.2mm_M3,226000,146100,0,top
H1,MountingHole,MountingHole:MountingHole_3.2mm_M3,14000,146100,0,top
TP_UART_RX,TestPoint,TestPoint:TestPoint_Pad_2.0x2.0mm,138000,-6900,0,top
TP_UART_TX,TestPoint,TestPoint:TestPoint_Pad_2.0x2.0mm,132000,-6900,0,top
TP_WD,TestPoint,TestPoint:TestPoint_Pad_2.0x2.0mm,126000,-6900,0,top
TP_GND,TestPoint,TestPoint:TestPoint_Pad_2.0x2.0mm,120000,-6900,0,top
TP_3V3A,TestPoint,TestPoint:TestPoint_Pad_2.0x2.0mm,114000,-6900,0,top
TP_3V3,TestPoint,TestPoint:TestPoint_Pad_2.0x2.0mm,108000,-6900,0,top
TP_5V,TestPoint,TestPoint:TestPoint_Pad_2.0x2.0mm,102000,-6900,0,top
TP_12V,TestPoint,TestPoint:TestPoint_Pad_2.0x2.0mm,96000,-6900,0,top
RBZ,R,Resistor_SMD:R_0603_1608Metric,68000,-900,0,top
Q_BZ,SOT-23,Package_TO_SOT_SMD:SOT-23,74000,-3900,0,top
BZ1,Buzzer,Buzzer_Beeper:Buzzer_CUI_CPT-9019S-SMT,62000,-3900,0,top
Rled,R,Resistor_SMD:R_0603_1608Metric,14000,7100,0,top
D_LED,LED,LED_SMD:LED_0805_2012Metric,14000,10100,0,top
NT1,R,Resistor_SMD:R_0603_1608Metric,64000,9100,0,top
CVB,C,Capacitor_SMD:C_0402_1005Metric,60000,6100,0,top
RVB2,R,Resistor_SMD:R_0603_1608Metric,60000,9100,0,top
CEN,C,Capacitor_SMD:C_0402_1005Metric,25000,2100,0,top
RT1,R,Resistor_SMD:R_0603_1608Metric,64000,12100,0,top
RVB1,R,Resistor_SMD:R_0603_1608Metric,60000,12100,0,top
RSCL,R,Resistor_SMD:R_0603_1608Metric,37000,-5900,0,top
RSDA,R,Resistor_SMD:R_0603_1608Metric,31000,-5900,0,top
REN,R,Resistor_SMD:R_0603_1608Metric,25000,6100,0,top
RBOOT,R,Resistor_SMD:R_0603_1608Metric,25000,10100,0,top
SW2,SW,Button_Switch_SMD:SW_Push_1P1T_NO_CK_KMR2,20000,-2900,0,top
SW1,SW,Button_Switch_SMD:SW_Push_1P1T_NO_CK_KMR2,20000,2100,0,top
U_MCU,ESP32-S3-WROOM-1,HandDrawn_Inline:<desenhado_a_mao:U_MCU>,42000,8100,0,top
Cadc4,C,Capacitor_SMD:C_0603_1608Metric,202000,8100,0,top
U11,SOIC-16,Package_SO:SOIC-16_3.9x9.9mm_P1.27mm,194000,4100,90,top
Cadc3,C,Capacitor_SMD:C_0603_1608Metric,164000,8100,0,top
U10,SOIC-16,Package_SO:SOIC-16_3.9x9.9mm_P1.27mm,156000,4100,90,top
Cadc2,C,Capacitor_SMD:C_0603_1608Metric,126000,8100,0,top
U9,SOIC-16,Package_SO:SOIC-16_3.9x9.9mm_P1.27mm,118000,4100,90,top
Cadc1,C,Capacitor_SMD:C_0603_1608Metric,88000,8100,0,top
U8,SOIC-16,Package_SO:SOIC-16_3.9x9.9mm_P1.27mm,80000,4100,90,top
FLDO,L,Inductor_SMD:L_0805_2012Metric,74000,82100,0,top
Cldo_o,C,Capacitor_SMD:C_0805_2012Metric,68000,82100,0,top
Cldo_i,C,Capacitor_SMD:C_0805_2012Metric,56000,82100,0,top
U_LDO,LDO_3V3A,HandDrawn_Inline:<desenhado_a_mao:U_LDO>,62000,82100,0,top
Cout_3V3_A1,C,Capacitor_SMD:C_1210_3225Metric,92000,60100,0,top
Cout_3V32,C,Capacitor_SMD:C_1210_3225Metric,82000,55100,0,top
Cout_3V31,C,Capacitor_SMD:C_1210_3225Metric,82000,60100,0,top
Cout_5V2,C,Capacitor_SMD:C_1210_3225Metric,72000,55100,0,top
Cout_5V1,C,Capacitor_SMD:C_1210_3225Metric,72000,60100,0,top
Cout_12V2,C,Capacitor_SMD:C_1210_3225Metric,62000,55100,0,top
Cout_12V1,C,Capacitor_SMD:C_1210_3225Metric,62000,60100,0,top
CinB3,C,Capacitor_SMD:C_0402_1005Metric,17000,90100,0,top
CbstB3,C,Capacitor_SMD:C_0402_1005Metric,17000,84100,0,top
Rf2B3,R,Resistor_SMD:R_0603_1608Metric,34000,80100,0,top
Rf1B3,R,Resistor_SMD:R_0603_1608Metric,30000,80100,0,top
CoB3b,C,Capacitor_SMD:C_1210_3225Metric,50000,85100,0,top
CoB3a,C,Capacitor_SMD:C_1210_3225Metric,50000,90100,0,top
LB3,L,Inductor_SMD:L_Bourns-SRN8040_8x8.15mm,36000,94100,0,top
UB3,BUCK_3V3,HandDrawn_Inline:<desenhado_a_mao:UB3>,24000,88100,0,top
CinB2,C,Capacitor_SMD:C_0402_1005Metric,17000,102100,0,top
CbstB2,C,Capacitor_SMD:C_0402_1005Metric,17000,96100,0,top
Rf2B2,R,Resistor_SMD:R_0603_1608Metric,34000,92100,0,top
Rf1B2,R,Resistor_SMD:R_0603_1608Metric,30000,92100,0,top
CoB2b,C,Capacitor_SMD:C_1210_3225Metric,50000,97100,0,top
CoB2a,C,Capacitor_SMD:C_1210_3225Metric,50000,102100,0,top
LB2,L,Inductor_SMD:L_Bourns-SRN8040_8x8.15mm,36000,106100,0,top
UB2,BUCK_5V,HandDrawn_Inline:<desenhado_a_mao:UB2>,24000,100100,0,top
CinB1,C,Capacitor_SMD:C_0402_1005Metric,17000,114100,0,top
CbstB1,C,Capacitor_SMD:C_0402_1005Metric,17000,108100,0,top
Rf2B1,R,Resistor_SMD:R_0603_1608Metric,34000,104100,0,top
Rf1B1,R,Resistor_SMD:R_0603_1608Metric,30000,104100,0,top
CoB1b,C,Capacitor_SMD:C_1210_3225Metric,50000,109100,0,top
CoB1a,C,Capacitor_SMD:C_1210_3225Metric,50000,114100,0,top
LB1,L,Inductor_SMD:L_Bourns-SRN8040_8x8.15mm,36000,118100,0,top
UB1,BUCK_12V,HandDrawn_Inline:<desenhado_a_mao:UB1>,24000,112100,0,top
Chf4,C,Capacitor_SMD:C_1206_3216Metric,58000,64100,0,top
Chf3,C,Capacitor_SMD:C_1206_3216Metric,58000,68100,0,top
Chf2,C,Capacitor_SMD:C_1206_3216Metric,52000,64100,0,top
Chf1,C,Capacitor_SMD:C_1206_3216Metric,52000,68100,0,top
Cblk6,CP,Capacitor_SMD:CP_Elec_8x10,48000,56100,0,top
Cblk5,CP,Capacitor_SMD:CP_Elec_8x10,48000,68100,0,top
Cblk4,CP,Capacitor_SMD:CP_Elec_8x10,34000,56100,0,top
Cblk3,CP,Capacitor_SMD:CP_Elec_8x10,34000,68100,0,top
Cblk2,CP,Capacitor_SMD:CP_Elec_8x10,20000,56100,0,top
Cblk1,CP,Capacitor_SMD:CP_Elec_8x10,20000,68100,0,top
Dz1,D,Diode_SMD:D_SOD-123,34000,52100,0,top
Rz1,R,Resistor_SMD:R_0603_1608Metric,42000,48100,0,top
Rg1,R,Resistor_SMD:R_0603_1608Metric,38000,42100,0,top
D1,D,Diode_SMD:D_SMB,24000,48100,0,top
Q1,TO-252-2,Package_TO_SOT_SMD:TO-252-2_TabPin1,46000,42100,0,top
F1,Fuse,Fuse:Fuse_Blade_Mini_directSolder,16000,34100,90,top
J1,AMASS,Connector_AMASS:AMASS_XT60-F_1x02_P7.20mm_Vertical,30000,24100,0,top
RsdM403,R,Resistor_SMD:R_0603_1608Metric,192000,17100,0,top
CbeM403,C,Capacitor_SMD:C_0402_1005Metric,214000,39100,0,top
Rb2M403,R,Resistor_SMD:R_0603_1608Metric,214000,42100,0,top
Rb1M403,R,Resistor_SMD:R_0603_1608Metric,214000,45100,0,top
CdM403,C,Capacitor_SMD:C_0402_1005Metric,214000,28100,0,top
Rd2M403,R,Resistor_SMD:R_0603_1608Metric,214000,31100,0,top
Rd1M403,R,Resistor_SMD:R_0603_1608Metric,214000,34100,0,top
UaM403,SOIC-8,Package_SO:SOIC-8_3.9x4.9mm_P1.27mm,214000,25100,0,top
RgfM403,R,Resistor_SMD:R_0805_2012Metric,198000,23100,0,top
RgoM403,R,Resistor_SMD:R_0805_2012Metric,198000,40100,0,top
CbM403,C,Capacitor_SMD:C_0805_2012Metric,198000,33100,0,top
CaM403,C,Capacitor_SMD:C_0402_1005Metric,188000,33100,0,top
DbM403,D,Diode_SMD:D_SOD-123,182000,39100,0,top
CvM403,C,Capacitor_SMD:C_1206_3216Metric,188000,39100,0,top
UM403,SOIC-8,Package_SO:SOIC-8_3.9x4.9mm_P1.27mm,188000,27100,0,top
RsM403,R,Resistor_SMD:R_2512_6332Metric,206000,14100,270,top
QM403L,TO-252-3,Package_TO_SOT_SMD:TO-252-3_TabPin2,206000,27100,90,top
QM403H,TO-252-3,Package_TO_SOT_SMD:TO-252-3_TabPin2,206000,40100,90,top
RsdM402,R,Resistor_SMD:R_0603_1608Metric,192000,61100,0,top
CbeM402,C,Capacitor_SMD:C_0402_1005Metric,214000,83100,0,top
Rb2M402,R,Resistor_SMD:R_0603_1608Metric,214000,86100,0,top
Rb1M402,R,Resistor_SMD:R_0603_1608Metric,214000,89100,0,top
CdM402,C,Capacitor_SMD:C_0402_1005Metric,214000,72100,0,top
Rd2M402,R,Resistor_SMD:R_0603_1608Metric,214000,75100,0,top
Rd1M402,R,Resistor_SMD:R_0603_1608Metric,214000,78100,0,top
UaM402,SOIC-8,Package_SO:SOIC-8_3.9x4.9mm_P1.27mm,214000,69100,0,top
RgfM402,R,Resistor_SMD:R_0805_2012Metric,198000,67100,0,top
RgoM402,R,Resistor_SMD:R_0805_2012Metric,198000,84100,0,top
CbM402,C,Capacitor_SMD:C_0805_2012Metric,198000,77100,0,top
CaM402,C,Capacitor_SMD:C_0402_1005Metric,188000,77100,0,top
DbM402,D,Diode_SMD:D_SOD-123,182000,83100,0,top
CvM402,C,Capacitor_SMD:C_1206_3216Metric,188000,83100,0,top
UM402,SOIC-8,Package_SO:SOIC-8_3.9x4.9mm_P1.27mm,188000,71100,0,top
RsM402,R,Resistor_SMD:R_2512_6332Metric,206000,58100,270,top
QM402L,TO-252-3,Package_TO_SOT_SMD:TO-252-3_TabPin2,206000,71100,90,top
QM402H,TO-252-3,Package_TO_SOT_SMD:TO-252-3_TabPin2,206000,84100,90,top
J_M4,AMASS,Connector_AMASS:AMASS_MR30PW-FB_1x03_P3.50mm_Horizontal,194000,146100,0,top
RsdM401,R,Resistor_SMD:R_0603_1608Metric,192000,105100,0,top
CbeM401,C,Capacitor_SMD:C_0402_1005Metric,214000,127100,0,top
Rb2M401,R,Resistor_SMD:R_0603_1608Metric,214000,130100,0,top
Rb1M401,R,Resistor_SMD:R_0603_1608Metric,214000,133100,0,top
CdM401,C,Capacitor_SMD:C_0402_1005Metric,214000,116100,0,top
Rd2M401,R,Resistor_SMD:R_0603_1608Metric,214000,119100,0,top
Rd1M401,R,Resistor_SMD:R_0603_1608Metric,214000,122100,0,top
UaM401,SOIC-8,Package_SO:SOIC-8_3.9x4.9mm_P1.27mm,214000,113100,0,top
RgfM401,R,Resistor_SMD:R_0805_2012Metric,198000,111100,0,top
RgoM401,R,Resistor_SMD:R_0805_2012Metric,198000,128100,0,top
CbM401,C,Capacitor_SMD:C_0805_2012Metric,198000,121100,0,top
CaM401,C,Capacitor_SMD:C_0402_1005Metric,188000,121100,0,top
DbM401,D,Diode_SMD:D_SOD-123,182000,127100,0,top
CvM401,C,Capacitor_SMD:C_1206_3216Metric,188000,127100,0,top
UM401,SOIC-8,Package_SO:SOIC-8_3.9x4.9mm_P1.27mm,188000,115100,0,top
RsM401,R,Resistor_SMD:R_2512_6332Metric,206000,102100,270,top
QM401L,TO-252-3,Package_TO_SOT_SMD:TO-252-3_TabPin2,206000,115100,90,top
QM401H,TO-252-3,Package_TO_SOT_SMD:TO-252-3_TabPin2,206000,128100,90,top
RsdM303,R,Resistor_SMD:R_0603_1608Metric,154000,17100,0,top
CbeM303,C,Capacitor_SMD:C_0402_1005Metric,176000,39100,0,top
Rb2M303,R,Resistor_SMD:R_0603_1608Metric,176000,42100,0,top
Rb1M303,R,Resistor_SMD:R_0603_1608Metric,176000,45100,0,top
CdM303,C,Capacitor_SMD:C_0402_1005Metric,176000,28100,0,top
Rd2M303,R,Resistor_SMD:R_0603_1608Metric,176000,31100,0,top
Rd1M303,R,Resistor_SMD:R_0603_1608Metric,176000,34100,0,top
UaM303,SOIC-8,Package_SO:SOIC-8_3.9x4.9mm_P1.27mm,176000,25100,0,top
RgfM303,R,Resistor_SMD:R_0805_2012Metric,160000,23100,0,top
RgoM303,R,Resistor_SMD:R_0805_2012Metric,160000,40100,0,top
CbM303,C,Capacitor_SMD:C_0805_2012Metric,160000,33100,0,top
CaM303,C,Capacitor_SMD:C_0402_1005Metric,150000,33100,0,top
DbM303,D,Diode_SMD:D_SOD-123,144000,39100,0,top
CvM303,C,Capacitor_SMD:C_1206_3216Metric,150000,39100,0,top
UM303,SOIC-8,Package_SO:SOIC-8_3.9x4.9mm_P1.27mm,150000,27100,0,top
RsM303,R,Resistor_SMD:R_2512_6332Metric,168000,14100,270,top
QM303L,TO-252-3,Package_TO_SOT_SMD:TO-252-3_TabPin2,168000,27100,90,top
QM303H,TO-252-3,Package_TO_SOT_SMD:TO-252-3_TabPin2,168000,40100,90,top
RsdM302,R,Resistor_SMD:R_0603_1608Metric,154000,61100,0,top
CbeM302,C,Capacitor_SMD:C_0402_1005Metric,176000,83100,0,top
Rb2M302,R,Resistor_SMD:R_0603_1608Metric,176000,86100,0,top
Rb1M302,R,Resistor_SMD:R_0603_1608Metric,176000,89100,0,top
CdM302,C,Capacitor_SMD:C_0402_1005Metric,176000,72100,0,top
Rd2M302,R,Resistor_SMD:R_0603_1608Metric,176000,75100,0,top
Rd1M302,R,Resistor_SMD:R_0603_1608Metric,176000,78100,0,top
UaM302,SOIC-8,Package_SO:SOIC-8_3.9x4.9mm_P1.27mm,176000,69100,0,top
RgfM302,R,Resistor_SMD:R_0805_2012Metric,160000,67100,0,top
RgoM302,R,Resistor_SMD:R_0805_2012Metric,160000,84100,0,top
CbM302,C,Capacitor_SMD:C_0805_2012Metric,160000,77100,0,top
CaM302,C,Capacitor_SMD:C_0402_1005Metric,150000,77100,0,top
DbM302,D,Diode_SMD:D_SOD-123,144000,83100,0,top
CvM302,C,Capacitor_SMD:C_1206_3216Metric,150000,83100,0,top
UM302,SOIC-8,Package_SO:SOIC-8_3.9x4.9mm_P1.27mm,150000,71100,0,top
RsM302,R,Resistor_SMD:R_2512_6332Metric,168000,58100,270,top
QM302L,TO-252-3,Package_TO_SOT_SMD:TO-252-3_TabPin2,168000,71100,90,top
QM302H,TO-252-3,Package_TO_SOT_SMD:TO-252-3_TabPin2,168000,84100,90,top
J_M3,AMASS,Connector_AMASS:AMASS_MR30PW-FB_1x03_P3.50mm_Horizontal,156000,146100,0,top
RsdM301,R,Resistor_SMD:R_0603_1608Metric,154000,105100,0,top
CbeM301,C,Capacitor_SMD:C_0402_1005Metric,176000,127100,0,top
Rb2M301,R,Resistor_SMD:R_0603_1608Metric,176000,130100,0,top
Rb1M301,R,Resistor_SMD:R_0603_1608Metric,176000,133100,0,top
CdM301,C,Capacitor_SMD:C_0402_1005Metric,176000,116100,0,top
Rd2M301,R,Resistor_SMD:R_0603_1608Metric,176000,119100,0,top
Rd1M301,R,Resistor_SMD:R_0603_1608Metric,176000,122100,0,top
UaM301,SOIC-8,Package_SO:SOIC-8_3.9x4.9mm_P1.27mm,176000,113100,0,top
RgfM301,R,Resistor_SMD:R_0805_2012Metric,160000,111100,0,top
RgoM301,R,Resistor_SMD:R_0805_2012Metric,160000,128100,0,top
CbM301,C,Capacitor_SMD:C_0805_2012Metric,160000,121100,0,top
CaM301,C,Capacitor_SMD:C_0402_1005Metric,150000,121100,0,top
DbM301,D,Diode_SMD:D_SOD-123,144000,127100,0,top
CvM301,C,Capacitor_SMD:C_1206_3216Metric,150000,127100,0,top
UM301,SOIC-8,Package_SO:SOIC-8_3.9x4.9mm_P1.27mm,150000,115100,0,top
RsM301,R,Resistor_SMD:R_2512_6332Metric,168000,102100,270,top
QM301L,TO-252-3,Package_TO_SOT_SMD:TO-252-3_TabPin2,168000,115100,90,top
QM301H,TO-252-3,Package_TO_SOT_SMD:TO-252-3_TabPin2,168000,128100,90,top
RsdM203,R,Resistor_SMD:R_0603_1608Metric,116000,17100,0,top
CbeM203,C,Capacitor_SMD:C_0402_1005Metric,138000,39100,0,top
Rb2M203,R,Resistor_SMD:R_0603_1608Metric,138000,42100,0,top
Rb1M203,R,Resistor_SMD:R_0603_1608Metric,138000,45100,0,top
CdM203,C,Capacitor_SMD:C_0402_1005Metric,138000,28100,0,top
Rd2M203,R,Resistor_SMD:R_0603_1608Metric,138000,31100,0,top
Rd1M203,R,Resistor_SMD:R_0603_1608Metric,138000,34100,0,top
UaM203,SOIC-8,Package_SO:SOIC-8_3.9x4.9mm_P1.27mm,138000,25100,0,top
RgfM203,R,Resistor_SMD:R_0805_2012Metric,122000,23100,0,top
RgoM203,R,Resistor_SMD:R_0805_2012Metric,122000,40100,0,top
CbM203,C,Capacitor_SMD:C_0805_2012Metric,122000,33100,0,top
CaM203,C,Capacitor_SMD:C_0402_1005Metric,112000,33100,0,top
DbM203,D,Diode_SMD:D_SOD-123,106000,39100,0,top
CvM203,C,Capacitor_SMD:C_1206_3216Metric,112000,39100,0,top
UM203,SOIC-8,Package_SO:SOIC-8_3.9x4.9mm_P1.27mm,112000,27100,0,top
RsM203,R,Resistor_SMD:R_2512_6332Metric,130000,14100,270,top
QM203L,TO-252-3,Package_TO_SOT_SMD:TO-252-3_TabPin2,130000,27100,90,top
QM203H,TO-252-3,Package_TO_SOT_SMD:TO-252-3_TabPin2,130000,40100,90,top
RsdM202,R,Resistor_SMD:R_0603_1608Metric,116000,61100,0,top
CbeM202,C,Capacitor_SMD:C_0402_1005Metric,138000,83100,0,top
Rb2M202,R,Resistor_SMD:R_0603_1608Metric,138000,86100,0,top
Rb1M202,R,Resistor_SMD:R_0603_1608Metric,138000,89100,0,top
CdM202,C,Capacitor_SMD:C_0402_1005Metric,138000,72100,0,top
Rd2M202,R,Resistor_SMD:R_0603_1608Metric,138000,75100,0,top
Rd1M202,R,Resistor_SMD:R_0603_1608Metric,138000,78100,0,top
UaM202,SOIC-8,Package_SO:SOIC-8_3.9x4.9mm_P1.27mm,138000,69100,0,top
RgfM202,R,Resistor_SMD:R_0805_2012Metric,122000,67100,0,top
RgoM202,R,Resistor_SMD:R_0805_2012Metric,122000,84100,0,top
CbM202,C,Capacitor_SMD:C_0805_2012Metric,122000,77100,0,top
CaM202,C,Capacitor_SMD:C_0402_1005Metric,112000,77100,0,top
DbM202,D,Diode_SMD:D_SOD-123,106000,83100,0,top
CvM202,C,Capacitor_SMD:C_1206_3216Metric,112000,83100,0,top
UM202,SOIC-8,Package_SO:SOIC-8_3.9x4.9mm_P1.27mm,112000,71100,0,top
RsM202,R,Resistor_SMD:R_2512_6332Metric,130000,58100,270,top
QM202L,TO-252-3,Package_TO_SOT_SMD:TO-252-3_TabPin2,130000,71100,90,top
QM202H,TO-252-3,Package_TO_SOT_SMD:TO-252-3_TabPin2,130000,84100,90,top
J_M2,AMASS,Connector_AMASS:AMASS_MR30PW-FB_1x03_P3.50mm_Horizontal,118000,146100,0,top
RsdM201,R,Resistor_SMD:R_0603_1608Metric,116000,105100,0,top
CbeM201,C,Capacitor_SMD:C_0402_1005Metric,138000,127100,0,top
Rb2M201,R,Resistor_SMD:R_0603_1608Metric,138000,130100,0,top
Rb1M201,R,Resistor_SMD:R_0603_1608Metric,138000,133100,0,top
CdM201,C,Capacitor_SMD:C_0402_1005Metric,138000,116100,0,top
Rd2M201,R,Resistor_SMD:R_0603_1608Metric,138000,119100,0,top
Rd1M201,R,Resistor_SMD:R_0603_1608Metric,138000,122100,0,top
UaM201,SOIC-8,Package_SO:SOIC-8_3.9x4.9mm_P1.27mm,138000,113100,0,top
RgfM201,R,Resistor_SMD:R_0805_2012Metric,122000,111100,0,top
RgoM201,R,Resistor_SMD:R_0805_2012Metric,122000,128100,0,top
CbM201,C,Capacitor_SMD:C_0805_2012Metric,122000,121100,0,top
CaM201,C,Capacitor_SMD:C_0402_1005Metric,112000,121100,0,top
DbM201,D,Diode_SMD:D_SOD-123,106000,127100,0,top
CvM201,C,Capacitor_SMD:C_1206_3216Metric,112000,127100,0,top
UM201,SOIC-8,Package_SO:SOIC-8_3.9x4.9mm_P1.27mm,112000,115100,0,top
RsM201,R,Resistor_SMD:R_2512_6332Metric,130000,102100,270,top
QM201L,TO-252-3,Package_TO_SOT_SMD:TO-252-3_TabPin2,130000,115100,90,top
QM201H,TO-252-3,Package_TO_SOT_SMD:TO-252-3_TabPin2,130000,128100,90,top
RsdM103,R,Resistor_SMD:R_0603_1608Metric,78000,17100,0,top
CbeM103,C,Capacitor_SMD:C_0402_1005Metric,100000,39100,0,top
Rb2M103,R,Resistor_SMD:R_0603_1608Metric,100000,42100,0,top
Rb1M103,R,Resistor_SMD:R_0603_1608Metric,100000,45100,0,top
CdM103,C,Capacitor_SMD:C_0402_1005Metric,100000,28100,0,top
Rd2M103,R,Resistor_SMD:R_0603_1608Metric,100000,31100,0,top
Rd1M103,R,Resistor_SMD:R_0603_1608Metric,100000,34100,0,top
UaM103,SOIC-8,Package_SO:SOIC-8_3.9x4.9mm_P1.27mm,100000,25100,0,top
RgfM103,R,Resistor_SMD:R_0805_2012Metric,84000,23100,0,top
RgoM103,R,Resistor_SMD:R_0805_2012Metric,84000,40100,0,top
CbM103,C,Capacitor_SMD:C_0805_2012Metric,84000,33100,0,top
CaM103,C,Capacitor_SMD:C_0402_1005Metric,74000,33100,0,top
DbM103,D,Diode_SMD:D_SOD-123,68000,39100,0,top
CvM103,C,Capacitor_SMD:C_1206_3216Metric,74000,39100,0,top
UM103,SOIC-8,Package_SO:SOIC-8_3.9x4.9mm_P1.27mm,74000,27100,0,top
RsM103,R,Resistor_SMD:R_2512_6332Metric,92000,14100,270,top
QM103L,TO-252-3,Package_TO_SOT_SMD:TO-252-3_TabPin2,92000,27100,90,top
QM103H,TO-252-3,Package_TO_SOT_SMD:TO-252-3_TabPin2,92000,40100,90,top
RsdM102,R,Resistor_SMD:R_0603_1608Metric,78000,61100,0,top
CbeM102,C,Capacitor_SMD:C_0402_1005Metric,100000,83100,0,top
Rb2M102,R,Resistor_SMD:R_0603_1608Metric,100000,86100,0,top
Rb1M102,R,Resistor_SMD:R_0603_1608Metric,100000,89100,0,top
CdM102,C,Capacitor_SMD:C_0402_1005Metric,100000,72100,0,top
Rd2M102,R,Resistor_SMD:R_0603_1608Metric,100000,75100,0,top
Rd1M102,R,Resistor_SMD:R_0603_1608Metric,100000,78100,0,top
UaM102,SOIC-8,Package_SO:SOIC-8_3.9x4.9mm_P1.27mm,100000,69100,0,top
RgfM102,R,Resistor_SMD:R_0805_2012Metric,84000,67100,0,top
RgoM102,R,Resistor_SMD:R_0805_2012Metric,84000,84100,0,top
CbM102,C,Capacitor_SMD:C_0805_2012Metric,84000,77100,0,top
CaM102,C,Capacitor_SMD:C_0402_1005Metric,74000,77100,0,top
DbM102,D,Diode_SMD:D_SOD-123,68000,83100,0,top
CvM102,C,Capacitor_SMD:C_1206_3216Metric,74000,83100,0,top
UM102,SOIC-8,Package_SO:SOIC-8_3.9x4.9mm_P1.27mm,74000,71100,0,top
RsM102,R,Resistor_SMD:R_2512_6332Metric,92000,58100,270,top
QM102L,TO-252-3,Package_TO_SOT_SMD:TO-252-3_TabPin2,92000,71100,90,top
QM102H,TO-252-3,Package_TO_SOT_SMD:TO-252-3_TabPin2,92000,84100,90,top
J_M1,AMASS,Connector_AMASS:AMASS_MR30PW-FB_1x03_P3.50mm_Horizontal,80000,146100,0,top
RsdM101,R,Resistor_SMD:R_0603_1608Metric,78000,105100,0,top
CbeM101,C,Capacitor_SMD:C_0402_1005Metric,100000,127100,0,top
Rb2M101,R,Resistor_SMD:R_0603_1608Metric,100000,130100,0,top
Rb1M101,R,Resistor_SMD:R_0603_1608Metric,100000,133100,0,top
CdM101,C,Capacitor_SMD:C_0402_1005Metric,100000,116100,0,top
Rd2M101,R,Resistor_SMD:R_0603_1608Metric,100000,119100,0,top
Rd1M101,R,Resistor_SMD:R_0603_1608Metric,100000,122100,0,top
UaM101,SOIC-8,Package_SO:SOIC-8_3.9x4.9mm_P1.27mm,100000,113100,0,top
RgfM101,R,Resistor_SMD:R_0805_2012Metric,84000,111100,0,top
RgoM101,R,Resistor_SMD:R_0805_2012Metric,84000,128100,0,top
CbM101,C,Capacitor_SMD:C_0805_2012Metric,84000,121100,0,top
CaM101,C,Capacitor_SMD:C_0402_1005Metric,74000,121100,0,top
DbM101,D,Diode_SMD:D_SOD-123,68000,127100,0,top
CvM101,C,Capacitor_SMD:C_1206_3216Metric,74000,127100,0,top
UM101,SOIC-8,Package_SO:SOIC-8_3.9x4.9mm_P1.27mm,74000,115100,0,top
RsM101,R,Resistor_SMD:R_2512_6332Metric,92000,102100,270,top
QM101L,TO-252-3,Package_TO_SOT_SMD:TO-252-3_TabPin2,92000,115100,90,top
QM101H,TO-252-3,Package_TO_SOT_SMD:TO-252-3_TabPin2,92000,128100,90,top
