bloco;item;valor_especificacao;qtd;footprint_kicad_5.1;existe_no_kicad;observacao_de_compra;mpn;fabricante;preco_unitario;moeda;fonte_preco;data_consulta;estoque;lead_time;status
ENTRADA;Conector de bateria;XT60 macho+femea, 60 A [N/D offline];1;Connector_AMASS:AMASS_XT60-F_1x02_P7.20mm_Vertical;SIM;solda em furo - verificar corrente nominal no datasheet do fabricante;XT60-F (C98734);Changzhou Amass Elec;0.4172;USD;https://www.lcsc.com/product-detail/Power-connector---plug-connector_Changzhou-Amass-Elec-XT60-F_C98734.html;2026-09-28;34979;NAO_INFORMADO_PELA_FONTE;CONFIRMADO
PROTECAO;TVS unidirecional;standoff >= 30 V, clamp ~38 V [N/D offline];1;Diode_SMD:D_SMB;SIM;comprar com Vbr acima de 25,2 V (nao conduzir em operacao) - SMBJ33A: Vbr 33 V, Vwm 33 V | D-15;SMBJ33A (C49242950);PDW;0.0341;USD;https://www.lcsc.com/product-detail/ESD-and-Surge-Protection--TVS-ESD-_PDW-SMBJ33A_C49242950.html;2026-09-28;2120;NAO_INFORMADO_PELA_FONTE;CONFIRMADO
PROTECAO;P-FET anti-inversao;canal P, Vds >= 30 V, Rds < 10 mOhm [N/D offline];1;Package_TO_SOT_SMD:TO-252-2_TabPin1;SIM;evita 3,8 W de perda que um diodo Schottky causaria (calculado);DMP3010LK3-13 (C154730);DIODES;0.6485;USD;https://www.lcsc.com/product-detail/MOSFETs_DIODES-DMP3010LK3-13_C154730.html;2026-09-28;421;NAO_INFORMADO_PELA_FONTE;CONFIRMADO
PROTECAO;Resistor de gate do P-FET + zenner;10k + 12 V;2;Resistor_SMD:R_0603_1608Metric;SIM;clamp Vgs - linha tem 2 pecas: 1 R 10k + 1 zener 12 V - preco_unitario e a SOMA das 2 cotacoes;RC0603FR-0710KL (C98220) + BZT52C12 (C2932744);YAGEO + GOODWORK;0.0194;USD;https://www.lcsc.com/product-detail/Chip-Resistor---Surface-Mount_YAGEO-RC0603FR-0710KL_C98220.html https://www.lcsc.com/product-detail/Zener-Diodes_GOODWORK-BZT52C12_C2932744.html;2026-09-28;9222700 + 488800;NAO_INFORMADO_PELA_FONTE;CONFIRMADO
BANCO;Capacitor de entrada;470 uF / 35 V polimero low-ESR;6;Capacitor_SMD:CP_Elec_8x10;SIM;ESR e' o parametro critico (<= 20 mOhm);SVZ1VM471GCRE00RAXXX (C2939792);AISHI;0.4260;USD;https://www.lcsc.com/product-detail/Polymer-Aluminum-Capacitors_AISHI-SVZ1VM471GCRE00RAXXX_C2939792.html;2026-09-28;12682;NAO_INFORMADO_PELA_FONTE;PENDENTE
BANCO;Ceramico de alta freq.;10 uF / 50 V X7R;12;Capacitor_SMD:C_1206_3216Metric;SIM;1 por par de MOSFET;TCC1206X7R106K500HT (C5449000);CCTC;0.2062;USD;https://www.lcsc.com/product-detail/Multilayer-Ceramic-Capacitors-MLCC---SMD-SMT_CCTC-TCC1206X7R106K500HT_C5449000.html;2026-09-28;38000;NAO_INFORMADO_PELA_FONTE;CONFIRMADO
BANCO;Ceramico de alta freq.;100 nF / 50 V X7R;48;Capacitor_SMD:C_0402_1005Metric;SIM;colado ao par (loop minimo);CL05B104KO5NNNC (C1525);Samsung Electro-Mechanics;0.0045;USD;https://www.lcsc.com/product-detail/Multilayer-Ceramic-Capacitors-MLCC---SMD-SMT_Samsung-Electro-Mechanics-CL05B104KO5NNNC_C1525.html;2026-09-28;2187400;NAO_INFORMADO_PELA_FONTE;CONFIRMADO
POTENCIA;MOSFET N;Vds >= 40 V, Rds <= 3 mOhm @10V, Qg <= 60 nC [PREMISSA];24;Package_TO_SOT_SMD:TO-252-3_TabPin2;SIM;24 unidades = 4 motores x 6 - D-11 adotou Qg 168/210 nC [DATASHEET] e a premissa de 60 nC da lista esta superada - ver observacao de layout;IPB017N10N5 (C536479);Infineon;5.2721;USD;https://www.lcsc.com/product-detail/MOSFETs_Infineon-IPB017N10N5_C536479.html;2026-09-28;143;NAO_INFORMADO_PELA_FONTE;CONFIRMADO
POTENCIA;Dissipador / area de cobre;2 oz, poligono no dreno;-;GERADO NO LAYOUT;N/A;temperatura e' decidida no PCB (Rth_ja) - NAO e' peca comprada;;;;;;2026-09-28;;NAO_APLICAVEL_NAO_E_PECA;PENDENTE
GATE DRIVE;Driver half-bridge single-input;bootstrap, dead-time interno ~520 ns, Vcc 12 V [N/D offline];12;Package_SO:SOIC-8_3.9x4.9mm_P1.27mm;SIM;1 por half-bridge - exige entrada unica p/ caber em 12 PWMs - D-13 rotaciona SD para 1 GPIO;IR2104STRPBF (C2960);Infineon;1.1687;USD;https://www.lcsc.com/product-detail/Gate-Drivers_Infineon-IR2104STRPBF_C2960.html;2026-09-28;41819;NAO_INFORMADO_PELA_FONTE;CONFIRMADO
GATE DRIVE;Resistor de gate;10 ohm (Rg >= 2*Z0 = 6,3 ohm calculado);24;Resistor_SMD:R_0805_2012Metric;SIM;valores 4,7-22 ohm para ajuste em bancada;RC0805JR-0710RL (C137478);YAGEO;0.0123;USD;https://www.lcsc.com/product-detail/Chip-Resistor---Surface-Mount_YAGEO-RC0805JR-0710RL_C137478.html;2026-09-28;23200;NAO_INFORMADO_PELA_FONTE;CONFIRMADO
GATE DRIVE;Resistor de gate (desliga);2,2 ohm;24;Resistor_SMD:R_0805_2012Metric;SIM;opcional: turn-off mais rapido + diodo;RC0805JR-072L2L;;YAGEO;;USD;;2026-09-28;;PENDENTE
GATE DRIVE;Capacitor de bootstrap;1 uF / 25 V X7R (>= 20*Qg calculado);12;Capacitor_SMD:C_0805_2012Metric;SIM;queda calculada 40 mV por ciclo - com Qg 168 nC [D-11] o minimo de 20*Qg sobe - rever dimensionar;;;Samsung Electro-Mechanics;;USD;;2026-09-28;;PENDENTE
GATE DRIVE;Diodo de bootstrap;ultrarrapido 100 V / 1 A [N/D offline];12;Diode_SMD:D_SOD-123;SIM;1N4148W em SOD-123 e' a opcao cotada - 1N4148WS (SOD-323) foi encontrado e NAO serve no footprint pedido;1N4148W (C7420318);R+O;0.0070;USD;https://www.lcsc.com/product-detail/Switching-Diodes_R-O-1N4148W_C7420318.html;2026-09-28;5532050;NAO_INFORMADO_PELA_FONTE;CONFIRMADO
GATE DRIVE;Capacitor local do driver;10 uF / 25 V X7R;12;Capacitor_SMD:C_1206_3216Metric;SIM;fornece a corrente de pico de gate (1,2 A calculado) - a peca 1206 cotada nesta sessao foi CL21A106KAYNNNE que e' 0805 - CL31A106KAYNNNE (1206) nao foi encontrado na fonte;CL21A106KAYNNNE (C15850) - PACOTE 0805 DIVERGE DO PEDIDO 1206;Samsung Electro-Mechanics;0.0798;USD;https://www.lcsc.com/product-detail/Multilayer-Ceramic-Capacitors-MLCC---SMD-SMT_Samsung-Electro-Mechanics-CL21A106KAYNNNE_C15850.html;2026-09-28;878620;NAO_INFORMADO_PELA_FONTE;PENDENTE
CORRENTE;Shunt de fase;0,5 mOhm 2 W 2512 manganina (112 mW continuo calculado);12;Resistor_SMD:R_2512_6332Metric;SIM;3 por motor - a familia Vishay WSL3637 existe na fonte mas o codigo de 0,5 mOhm nao foi localizado e os 10 primeiros resultados vieram com estoque 0;;;;;;2026-09-28;;NAO_LOCALIZADO_NA_FONTE;PENDENTE
CORRENTE;Amplificador diferencial;ganho 50, CMVR >= 30 V, largura de banda >= 400 kHz [N/D offline];12;Package_SO:SOIC-8-1EP_3.9x4.9mm_EP2.41x3.81mm;SIM;1 por shunt - saida centrada em 1,65 V - D-09 manteve INA240A2 - ATENCAO: a peca cotada e' SOIC-8 SEM pad termico e a lista pede SOIC-8-1EP - footprint a rever;INA240A2DR (C2060768);TI;1.7636;USD;https://www.lcsc.com/product-detail/Current-Sense-Amplifiers_TI-INA240A2DR_C2060768.html;2026-09-28;6800;NAO_INFORMADO_PELA_FONTE;CONFIRMADO
CORRENTE;Divisor de referencia;10k/10k 1% + 100 nF;12;Resistor_SMD:R_0603_1608Metric;SIM;gera 1,65 V de offset - 3 pecas por divisor (2 R + 1 C) - preco_unitario e a SOMA das 3 cotacoes;2x RC0603FR-0710KL (C98220) + 1x CL05B104KO5NNNC (C1525);YAGEO + Samsung Electro-Mechanics;0.0115;USD;https://www.lcsc.com/product-detail/Chip-Resistor---Surface-Mount_YAGEO-RC0603FR-0710KL_C98220.html https://www.lcsc.com/product-detail/Multilayer-Ceramic-Capacitors-MLCC---SMD-SMT_Samsung-Electro-Mechanics-CL05B104KO5NNNC_C1525.html;2026-09-28;9222700 + 2187400;NAO_INFORMADO_PELA_FONTE;CONFIRMADO
BEMF;Divisor de fase;8,2k/1,0k 1% (25,2 V -> 2,74 V calculado [FIX auditoria B-3]);12;Resistor_SMD:R_0603_1608Metric;SIM;3 por motor - 2 pecas por fase - preco_unitario e a SOMA das 2 cotacoes;RC0603FR-078K2L (C114637) + RC0603FR-071KL (C22548);YAGEO;0.0080;USD;https://www.lcsc.com/product-detail/Chip-Resistor---Surface-Mount_YAGEO-RC0603FR-078K2L_C114637.html https://www.lcsc.com/product-detail/Chip-Resistor---Surface-Mount_YAGEO-RC0603FR-071KL_C22548.html;2026-09-28;356300 + 10412100;NAO_INFORMADO_PELA_FONTE;CONFIRMADO
BEMF;Filtro + clamp;1 nF + diodo clamp 3,3 V / zenner;12;Capacitor_SMD:C_0402_1005Metric;SIM;1 nF 0402 + zener 3,3 V - nenhum dos dois codigos foi localizado na fonte nesta sessao;;;;;;2026-09-28;;NAO_LOCALIZADO_NA_FONTE;PENDENTE
ADC;ADC externo SPI;16 canais, >= 200 ksps, 12 bits [N/D offline];1;Package_DFN_QFN / Package_SO conforme CI;SIM (generico);obrigatorio: ADC do ESP32 nao cobre 26 canais (calculado) - D-12 trocou 4x MCP3208 por 2x ADS7953 entao a quantidade real e 2 e nao 1 - VQFN-32-EP 5x5 exige solda a quente;ADS7953SRHBR (C2670383);TI;8.6942;USD;https://www.lcsc.com/product-detail/Analog-to-Digital-Converters--ADC-_TI-ADS7953SRHBR_C2670383.html;2026-09-28;2702;NAO_INFORMADO_PELA_FONTE;CONFIRMADO
ADC;Mux analogico (se usar 2x CI de 8 canais);[N/D offline];2;Package_SO:SOIC-16;SIM (generico);alternativa ao ADC de 16 canais - D-12 descartou o MCP3208 portanto esta linha nao tem peca a comprar - preco e prazo do MCP3208T-CI/SL (C626764) existem na fonte mas nao sao necessarios;;;;;;2026-09-28;;NAO_APLICAVEL_APOS_D-12;PENDENTE
MCU;Modulo ESP32-S3-WROOM-1;WiFi 2,4 GHz + USB nativo;1;NAO EXISTE NO KICAD 5.1 - GERAR POR SCRIPT;NAO;preciso do mechanical drawing p/ gerar a pegada (41 pads castelados) - a variante N8R8 (8 MB flash + 8 MB PSRAM) foi vista com estoque 0 nao N8;ESP32-S3-WROOM-1-N8 (C2913198);ESPRESSIF;4.9100;USD;https://www.lcsc.com/product-detail/WiFi-Modules_ESPRESSIF-ESP32-S3-WROOM-1-N8_C2913198.html;2026-09-28;391;NAO_INFORMADO_PELA_FONTE;CONFIRMADO
MCU;Botao BOOT + EN;tatico 2 pinos;2;Button_SMD / SW_SPST;SIM;botao tatico SMD de 2 pinos - nenhum codigo foi localizado nesta sessao;;;;;;2026-09-28;;NAO_LOCALIZADO_NA_FONTE;PENDENTE
MCU;Pull-ups de I2C;4,7k;2;Resistor_SMD:R_0603_1608Metric;SIM;2x 4,7k 0603 1%;RC0603FR-074K7L (C99782);YAGEO;0.0040;USD;https://www.lcsc.com/product-detail/Chip-Resistor---Surface-Mount_YAGEO-RC0603FR-074K7L_C99782.html;2026-09-28;8674800;NAO_INFORMADO_PELA_FONTE;CONFIRMADO
MCU;Pads de programacao;UART0 TX/RX + pads 1,27 mm;-;TestPoint:TestPoint_Loop_D2.50mm_Drill1.0mm;SIM;test points sao cobre do PCB - NAO e' peca comprada;;;;;;2026-09-28;;NAO_APLICAVEL_NAO_E_PECA;PENDENTE
IMU;IMU 6 eixos;SPI/I2C, QFN-24 3x3 [confirmar CI exato];1;Sensor_Motion:InvenSense_QFN-24_3x3mm_P0.4mm;SIM (generico);datasheet agora existe em datasheets/icm-42688-p_v2_tdk_ds-000347-v1.2.pdf - ATENCAO: a peca e' LGA-14 2,5x3 mm e nao QFN-24 3x3 - footprint da lista esta errado;ICM-42688-P (C1850418);TDK InvenSense;19.6358;USD;https://www.lcsc.com/product-detail/Accelerometers_TDK-InvenSense-ICM-42688-P_C1850418.html;2026-09-28;170;NAO_INFORMADO_PELA_FONTE;CONFIRMADO
BAROMETRO;Barometro;I2C, LGA-8;1;NAO EXISTE - GERAR LGA-8;NAO;nao ha pegada no KiCad 5.1 - BMP390 e' LGA-10 2x2 mm e nao LGA-8 - preco lido mas estoque 0 na data da consulta;BMP390 (C5124834);Bosch;5.3938;USD;https://www.lcsc.com/product-detail/Pressure-Sensors_Bosch-BMP390_C5124834.html;2026-09-28;0;NAO_INFORMADO_PELA_FONTE;PENDENTE
ENERGIA;Buck 12 V;0,60 A, L=89 uH, Cout=2x22 uF (calculado);1;Inductor_SMD:L_12x12mm_H6mm;SIM;alimenta os 12 gate drivers (49 mA calculado) - CI ajustavel com divisor de feedback externo;TPS5430DDAR (C9864);TI;0.6861;USD;https://www.lcsc.com/product-detail/DC-DC-Converters_TI-TPS5430DDAR_C9864.html;2026-09-28;273070;NAO_INFORMADO_PELA_FONTE;CONFIRMADO
ENERGIA;Buck 5 V;2,00 A, L=17 uH, Cout=2x22 uF (calculado);1;Inductor_SMD:L_Bourns_SRR1210A;SIM;mesmo CI ajustavel do buck de 12 V com divisor diferente;TPS5430DDAR (C9864);TI;0.6861;USD;https://www.lcsc.com/product-detail/DC-DC-Converters_TI-TPS5430DDAR_C9864.html;2026-09-28;273070;NAO_INFORMADO_PELA_FONTE;CONFIRMADO
ENERGIA;Buck 3,3 V;1,50 A, L=5 uH, Cout=2x22 uF (calculado);1;Inductor_SMD:L_Bourns-SRN8040_8x8.15mm;SIM;entrada vinda do trilho de 5 V - mesmo CI ajustavel dos outros dois;TPS5430DDAR (C9864);TI;0.6861;USD;https://www.lcsc.com/product-detail/DC-DC-Converters_TI-TPS5430DDAR_C9864.html;2026-09-28;273070;NAO_INFORMADO_PELA_FONTE;CONFIRMADO
ENERGIA;LDO 3,3 V_A;150 mA, baixo ruido (Pdiss 255 mW calculado);1;Package_TO_SOT_SMD:SOT-23;SIM;analogico: IMU + barometro - ATENCAO: a peca e' SOT-23-5 e a lista pede SOT-23;TPS7A2033PDBVR (C2862740);TI;0.2175;USD;https://www.lcsc.com/product-detail/Voltage-Regulators---Linear--Low-Drop-Out--LDO--Regulators_TI-TPS7A2033PDBVR_C2862740.html;2026-09-28;220170;NAO_INFORMADO_PELA_FONTE;CONFIRMADO
ENERGIA;Indutor de saida;22 uH (12 V e 5 V) / 5 uH (3,3 V);3;Inductor_SMD:L_12x12mm_H6mm;SIM;corrente de saturacao >= 2x a nominal - esta 1 linha cobre 3 indutores (89 uH 12V - 17 uH 5V - 5 uH 3V3) e so o valor de 5 uH foi localizado na fonte;SRN8040-4R7Y (C6685196) - 4,7 uH e o valor mais proximo disponivel;BOURNS;0.7162;USD;https://www.lcsc.com/product-detail/Power-Inductors_BOURNS-SRN8040-4R7Y_C6685196.html;2026-09-28;134;NAO_INFORMADO_PELA_FONTE;PENDENTE
ENERGIA;Capacitor de saida;22 uF / 25 V X7R;6;Capacitor_SMD:C_1210;SIM;2 por buck;CGA1210X7R226K250RT (C6120032);HRE;0.2472;USD;https://www.lcsc.com/product-detail/Multilayer-Ceramic-Capacitors-MLCC---SMD-SMT_HRE-CGA1210X7R226K250RT_C6120032.html;2026-09-28;14315;NAO_INFORMADO_PELA_FONTE;CONFIRMADO
MOTOR;Conector de motor;MR30 3 pinos (fases U/V/W);4;Connector_AMASS:AMASS_MR30PW-FB_1x03_P3.50mm_Horizontal;SIM;alternativa: bloco terminal 3,5 mm - ATENCAO: o footprint da lista pede MR30PW-FB e a peca cotada e' MR30-FB - confirmar desenho mecanico antes de comprar;MR30-FB (C99875);Changzhou Amass Elec;0.3233;USD;https://www.lcsc.com/product-detail/Power-connector---plug-connector_Changzhou-Amass-Elec-MR30-FB_C99875.html;2026-09-28;62141;NAO_INFORMADO_PELA_FONTE;CONFIRMADO
USB;Receptaculo USB-C;16 pinos, so' programacao;1;Connector_USB:USB_C_Receptacle_GCT_USB4085;SIM;com protecao ESD e ideal diode - thru-hole o que e' coerente com a montagem caseira da D-05;USB4085-GF-A (C7095263);Global Connector Technology;1.4141;USD;https://www.lcsc.com/product-detail/USB-Connectors_Global-Connector-Technology-USB4085-GF-A_C7095263.html;2026-09-28;2207;NAO_INFORMADO_PELA_FONTE;CONFIRMADO
USB;Protecao ESD USB;array ESD [N/D offline];1;Package_SO:SOT-23-6;SIM;USBLC6-2SC6 SOT-23-6 casa com o footprint pedido - peca original ST;USBLC6-2SC6 (C7519);ST;0.1784;USD;https://www.lcsc.com/product-detail/ESD-and-Surge-Protection--TVS-ESD-_ST-USBLC6-2SC6_C7519.html;2026-09-28;42070;NAO_INFORMADO_PELA_FONTE;CONFIRMADO
USB;Ideal diode do VBUS;P-FET + controlador [N/D offline];1;Package_TO_SOT_SMD:SOT-23-6;SIM;permite alimentar a placa sem bateria - ATENCAO: o CI e' SC-70-6 e nao SOT-23-6 e o LM66100 e' um CONTROLADOR que exige um P-FET externo nao um ideal diode completo;LM66100DCKR (C2869734);TI;0.2374;USD;https://www.lcsc.com/product-detail/ORing-Controllers_TI-LM66100DCKR_C2869734.html;2026-09-28;35025;NAO_INFORMADO_PELA_FONTE;CONFIRMADO
EXTRA;LED de status;verde 0805 + resistor 1k;1;LED_SMD:LED_0805_2012Metric;SIM;so o resistor de 1k foi cotado nesta sessao - o LED 0805 verde nao foi localizado - preco_unitario e so a do resistor;RC0603FR-071KL (C22548) - RESISTOR 0603 E NAO O LED 0805 PEDIDO;YAGEO;0.0037;USD;https://www.lcsc.com/product-detail/Chip-Resistor---Surface-Mount_YAGEO-RC0603FR-071KL_C22548.html;2026-09-28;10412100;NAO_INFORMADO_PELA_FONTE;PENDENTE
EXTRA;Buzzer;SMD 4 kHz;1;Buzzer:Buzzer_CUI_CPT-9019S-SMT;SIM;com transistor de acionamento - estoque de 3 unidades na data da consulta - comprar mais de 3 ou outro fornecedor;CPT-9019S-SMT-TR (C95163);CUI;3.3793;USD;https://www.lcsc.com/product-detail/Buzzers_CUI-CPT-9019S-SMT-TR_C95163.html;2026-09-28;3;NAO_INFORMADO_PELA_FONTE;CONFIRMADO
EXTRA;Watchdog externo (opcional);corte de motores independente do firmware;1;Package_SO:SOIC-8;SIM (generico);D-07 decidiu watchdog externo SIM - ATENCAO: a peca e' SOT-23-6 e nao SOIC-8 - /RESET em drain aberto permite tambem a Opcao C da D-13;TPS3813K33DBVR (C93238);TI;1.5619;USD;https://www.lcsc.com/product-detail/Supervisor-and-Reset-ICs_TI-TPS3813K33DBVR_C93238.html;2026-09-28;3410;NAO_INFORMADO_PELA_FONTE;CONFIRMADO
EXTRA;Fusivel/e-fuse de entrada;30 A [N/D offline];1;Fuse:Fuse_1206;SIM;D-15 decidiu fusivel 30 A 1206 - codigo com 30A explicito no nome;F1206HC30A0TM (C246770);AEM;0.3295;USD;https://www.lcsc.com/product-detail/Disposable-fuses_AEM-F1206HC30A0TM_C246770.html;2026-09-28;2865;NAO_INFORMADO_PELA_FONTE;CONFIRMADO
MECANICO;PCB;4 camadas, 2 oz nas externas, ~40x60 mm (estimativa);1;GERADO NA FASE 3;N/A;tamanho definido no layout - D-02 e D-03 mudaram para 6 camadas e ~150x110 mm - cotacao real exige subir o Gerber no site do fabricante;;;;;;2026-09-28;;VER_ORCAMENTO_S5_1;PENDENTE
